[
  {
    "title": "Data Scientist",
    "company": "Deloitte",
    "location": "Gurugram, Haryana, India",
    "job_link": "https://in.linkedin.com/jobs/view/data-scientist-at-deloitte-4243349175",
    "posted_date": "1 week ago"
  },
  {
    "title": "Data Scientist",
    "company": "Godrej Agrovet Limited",
    "location": "Mumbai Metropolitan Region",
    "job_link": "https://in.linkedin.com/jobs/view/data-scientist-at-godrej-agrovet-limited-4244593759",
    "posted_date": "2 weeks ago"
  },
  {
    "title": "Data scientist- Python- AI/ML GEN AI- Across india",
    "company": "Capgemini Engineering",
    "location": "Mumbai, Maharashtra, India",
    "job_link": "https://in.linkedin.com/jobs/view/data-scientist-python-ai-ml-gen-ai-across-india-at-capgemini-engineering-4174328446",
    "posted_date": "2 weeks ago"
  },
  {
    "title": "Software Engineer, Google Ads",
    "company": "Google",
    "location": "Bengaluru, Karnataka, India",
    "job_link": "https://in.linkedin.com/jobs/view/software-engineer-google-ads-at-google-4245656354",
    "posted_date": "1 week ago"
  },
  {
    "title": "Data Scientist",
    "company": "Circle K",
    "location": "Gurugram, Haryana, India",
    "job_link": "https://in.linkedin.com/jobs/view/data-scientist-at-circle-k-4237691025",
    "posted_date": "2 weeks ago"
  },
  {
    "title": "Data Scientist",
    "company": "SLB",
    "location": "Pune, Maharashtra, India",
    "job_link": "https://in.linkedin.com/jobs/view/data-scientist-at-slb-4232633957",
    "posted_date": "2 days ago"
  },
  {
    "title": "Machine Learning Engineer I",
    "company": "Atlassian",
    "location": "Bengaluru, Karnataka, India",
    "job_link": "https://in.linkedin.com/jobs/view/machine-learning-engineer-i-at-atlassian-4241739590",
    "posted_date": "2 weeks ago"
  },
  {
    "title": "Machine Learning Engineer I",
    "company": "Atlassian",
    "location": "Bengaluru, Karnataka, India",
    "job_link": "https://in.linkedin.com/jobs/view/machine-learning-engineer-i-at-atlassian-4241736933",
    "posted_date": "2 weeks ago"
  },
  {
    "title": "Data Scientist",
    "company": "PepsiCo",
    "location": "Hyderabad, Telangana, India",
    "job_link": "https://in.linkedin.com/jobs/view/data-scientist-at-pepsico-4238229591",
    "posted_date": "3 weeks ago"
  },
  {
    "title": "Machine Learning Engineer",
    "company": "Infosys Finacle",
    "location": "Bengaluru, Karnataka, India",
    "job_link": "https://in.linkedin.com/jobs/view/machine-learning-engineer-at-infosys-finacle-4235843552",
    "posted_date": "3 weeks ago"
  },
  {
    "title": "Software Engineer (AI / NLP / ML)",
    "company": "Nextiva",
    "location": "Greater Chennai Area",
    "job_link": "https://in.linkedin.com/jobs/view/software-engineer-ai-nlp-ml-at-nextiva-4219931313",
    "posted_date": "6 days ago"
  },
  {
    "title": "Machine Learning Engineer",
    "company": "RISA",
    "location": "Bengaluru, Karnataka, India",
    "job_link": "https://in.linkedin.com/jobs/view/machine-learning-engineer-at-risa-4236882598",
    "posted_date": "3 weeks ago"
  },
  {
    "title": "Software Engineer, AI Powered Data, Core",
    "company": "Google",
    "location": "Bengaluru, Karnataka, India",
    "job_link": "https://in.linkedin.com/jobs/view/software-engineer-ai-powered-data-core-at-google-4242214705",
    "posted_date": "2 weeks ago"
  },
  {
    "title": "Interesting Job Opportunity: Nykaa - Software Development Engineer II - Mobile UI",
    "company": "Nykaa",
    "location": "Bengaluru, Karnataka, India",
    "job_link": "https://in.linkedin.com/jobs/view/interesting-job-opportunity-nykaa-software-development-engineer-ii-mobile-ui-at-nykaa-4235584247",
    "posted_date": "3 weeks ago"
  },
  {
    "title": "Data Scientist",
    "company": "Capgemini",
    "location": "Bengaluru, Karnataka, India",
    "job_link": "https://in.linkedin.com/jobs/view/data-scientist-at-capgemini-4212325979",
    "posted_date": "1 month ago"
  },
  {
    "title": "Machine Learning Engineer ,Pytorch Engineering , Bangalore, India",
    "company": "Red Hat",
    "location": "Bengaluru, Karnataka, India",
    "job_link": "https://in.linkedin.com/jobs/view/machine-learning-engineer-pytorch-engineering-bangalore-india-at-red-hat-4233530569",
    "posted_date": "4 days ago"
  },
  {
    "title": "KreditBee - Software Engineer - Python",
    "company": "KreditBee",
    "location": "Bengaluru, Karnataka, India",
    "job_link": "https://in.linkedin.com/jobs/view/kreditbee-software-engineer-python-at-kreditbee-4241078712",
    "posted_date": "2 weeks ago"
  },
  {
    "title": "Data Scientist",
    "company": "Protect Group",
    "location": "Pune, Maharashtra, India",
    "job_link": "https://in.linkedin.com/jobs/view/data-scientist-at-protect-group-4251474019",
    "posted_date": "3 days ago"
  },
  {
    "title": "Software Engineer - Periscope",
    "company": "McKinsey & Company",
    "location": "Gurugram, Haryana, India",
    "job_link": "https://in.linkedin.com/jobs/view/software-engineer-periscope-at-mckinsey-company-4234491476",
    "posted_date": "6 days ago"
  },
  {
    "title": "DeepTek.ai - Data Scientist - Machine Learning/Deep Learning",
    "company": "DeepTek",
    "location": "Pune, Maharashtra, India",
    "job_link": "https://in.linkedin.com/jobs/view/deeptek-ai-data-scientist-machine-learning-deep-learning-at-deeptek-4216784351",
    "posted_date": "1 month ago"
  }
]